{"cameraMode":{"drawMode":0,"name":"Shaded","section":"Shading Mode"},"sceneLighting":true,"audioPlay":false,"sceneViewState":{"showFog":true,"showMaterialUpdate":false,"showSkybox":true,"showFlares":true,"showImageEffects":true,"showParticleSystems":true},"in2DMode":false,"pivot":{"x":305.00848388671877,"y":34.60148620605469,"z":190.60633850097657},"rotation":{"x":0.007898585870862008,"y":-0.9714251160621643,"z":0.2349560409784317,"w":0.03265915438532829},"size":508.667724609375,"orthographic":false}